country,iso2c,year,gdp_pc,invest_gdp,trade_gdp,gdp_pc_idx
Canada,CA,2000,37906.89821012,19.5993356617119,82.7653578503214,87.03947539215632
Canada,CA,2001,38200.4945025395,20.1517646904638,78.3442183943698,87.71361304192195
Canada,CA,2002,38921.7064054514,19.9748845804896,75.7069052324349,89.3696152114498
Canada,CA,2003,39270.0629084669,20.012369056955,69.8399832953973,90.16948987024793
Canada,CA,2004,40108.7990262916,20.8745812199367,70.1923674409029,92.09534387400353
Canada,CA,2005,41006.264144024,21.8372450469019,69.7585441602155,94.15604777536714
Canada,CA,2006,41663.5541588166,22.8847443946428,68.0508003453151,95.66527645851953
Canada,CA,2007,42106.9147186165,23.3389957278501,66.2834197482347,96.68329355716607
Canada,CA,2008,42067.610977795,23.468960389706,67.023446571123,96.59304673815465
Canada,CA,2009,40376.4559330928,22.3069271582099,58.4742801830543,92.70992111068297
Canada,CA,2010,41164.3812486578,23.4611524730321,60.2079046752442,94.51910649258446
Canada,CA,2011,42043.6842044008,23.510376129041,62.4984217100546,96.53810756079136
Canada,CA,2012,42320.6856530018,24.4942803133541,62.5957887432013,97.17414115645659
Canada,CA,2013,42851.2135876232,24.1873900963866,62.2315329073432,98.39230659047259
Canada,CA,2014,43643.2794910996,24.3893049222041,64.3785976132125,100.21099933426969
Canada,CA,2015,43594.2379080706,23.8505579659614,66.1648355844224,100.09839308419919
Canada,CA,2016,43551.3863558236,22.7723539706794,65.3636199818813,100
Canada,CA,2017,44339.433221787804,22.6962795343088,65.1009087910845,101.8094644784111
Canada,CA,2018,44907.3887994469,22.6760699457971,66.59982627163,103.11356895173091
Canada,CA,2019,45100.336805859,22.5799284914038,66.1713422730605,103.55660423156262
Canada,CA,2020,42366.1710935265,23.1842052051561,61.1566883386797,97.27858201203138
Canada,CA,2021,44639.2381171993,23.7893330462459,62.2468612630348,102.49785793840805
Canada,CA,2022,45883.0058941892,23.0827054280969,66.9531620692051,105.35372058954864
Canada,CA,2023,45495.5100892605,23.0403942262261,66.5745425015033,104.46397668619092
Canada,CA,2024,45061.3864587285,22.9101597496711,65.1214987304374,103.46716885328952
Canada,CA,2025,45418.1292662699,22.9023282199746,63.5105049692227,104.28629962590543
France,FR,2000,33255.1379642335,20.8814379037151,57.7860470318197,90.07220130620453
France,FR,2001,33640.6738002565,20.8602882389306,56.8932328560722,91.11643277113993
France,FR,2002,33753.5782979758,20.3363313536887,55.1325248503102,91.42223684441984
France,FR,2003,33840.6175720101,20.4989506339345,52.5988822870657,91.65798444591215
France,FR,2004,34557.1471111581,20.8372793779546,53.7497648292028,93.59871892614173
France,FR,2005,34946.0372494703,21.2552645424979,55.8228361241299,94.65203558541188
France,FR,2006,35645.4162427116,21.8977868505057,57.8692775292673,96.54631747160684
France,FR,2007,36322.1685141004,22.5857089020594,58.1525611309659,98.37931443251323
France,FR,2008,36257.3658930938,22.9330135074895,59.1797928411748,98.20379524715446
France,FR,2009,35052.8510772683,21.4495235712121,52.1991123027613,94.94134295830733
France,FR,2010,35578.1968010183,21.4821676799635,56.587555247796,96.36425227944308
France,FR,2011,36269.9561530888,21.6992927837053,60.6056354816406,98.23789621627347
France,FR,2012,36161.2918253465,21.6559249264002,61.6589570771102,97.9435767275456
France,FR,2013,36256.086680981,21.2695637926893,61.8192338733962,98.20033047575397
France,FR,2014,36444.3949089146,20.9583861621479,62.1992669379507,98.71036704911872
France,FR,2015,36702.4323733379,20.5598696757557,63.5046871956484,99.40926664367386
France,FR,2016,36920.5342846914,20.9212601092418,63.3427564383351,100
France,FR,2017,37580.5979329356,21.4204336075644,65.3958481559711,101.78779549384225
France,FR,2018,38062.4435961412,21.8753900672966,66.8022607812266,103.09288403749693
France,FR,2019,38705.2072940618,22.4160955392444,66.4289607281749,104.8338222724756
France,FR,2020,35709.2045925926,22.4362308511816,58.8388907240647,96.71908948348816
France,FR,2021,38030.8571685178,23.4832287343303,63.788482630872,103.00733157127355
France,FR,2022,38868.3303330557,23.4857708214613,75.9630077981996,105.27564426165938
France,FR,2023,39319.4152227295,22.8344674932245,70.6261450610225,106.49741663958736
France,FR,2024,39683.3953489029,22.096846539157,68.1081875443744,107.48326403650417
France,FR,2025,39918.8850568745,22.0193072027382,67.1923772838849,108.12109258512632
Germany,DE,2000,35104.1308467844,22.8829484518656,59.1955992975405,82.5650576997614
Germany,DE,2001,35618.5143698493,21.5433631059471,59.5592863682118,83.77488982598679
Germany,DE,2002,35477.5151544301,19.8867030080599,58.3325687248129,83.44325910117215
Germany,DE,2003,35270.0227284267,19.2638822568625,58.9145442942507,82.95523607618951
Germany,DE,2004,35687.6378708542,18.8314639081743,62.9064909465164,83.93746857986021
Germany,DE,2005,36024.094704702104,18.7644203275559,66.9531024934321,84.72881641357749
Germany,DE,2006,37459.261328042,19.4624059220668,72.7591934646234,88.10433411495606
Germany,DE,2007,38593.0749910508,19.7151702055684,74.8838416816798,90.77106843507596
Germany,DE,2008,39009.8477636357,19.9630399184329,76.1131665945746,91.75131968147062
Germany,DE,2009,36940.4078672661,18.8381977329318,66.1391275757126,86.8839886771596
Germany,DE,2010,38526.7371042695,19.1861612229759,73.8852351200263,90.615041457120455
Germany,DE,2011,40722.4849268242,20.0081182128282,78.433002901442,95.77944921456137
Germany,DE,2012,40834.5088218456,19.9663127661399,79.3316495670315,96.04292986863491
Germany,DE,2013,40884.8926759028,19.5771468839831,77.5860288576931,96.16143289711113
Germany,DE,2014,41602.4661281668,19.782574460457,76.8483516336234,97.84916855843775
Germany,DE,2015,41929.7549110722,19.7477510746575,77.7565815686922,98.618953099266065
Germany,DE,2016,42516.9337063103,20.0438468833034,76.0059902166055,100
Germany,DE,2017,43543.4807050551,20.1339289732412,77.4548394742448,102.41444269202424
Germany,DE,2018,43905.8550061973,20.8175234345652,79.1252260463654,103.26674851361837
Germany,DE,2019,44235.2658954682,21.1522978107472,79.0732427175683,104.04152425719934
Germany,DE,2020,42372.8726784255,21.3426763110307,72.9335327120137,99.66116787988541
Germany,DE,2021,44011.0194631674,21.181504152251,79.9195348609851,103.51409574165822
Germany,DE,2022,44817.1316331389,21.6010467765749,88.7857542130501,105.41007482505074
Germany,DE,2023,44368.9920074881,21.1916877404125,81.9625483787634,104.3560486134091
Germany,DE,2024,44027.7631554469,20.4603173503166,79.0907305894936,103.5534769736049
Germany,DE,2025,44146.6409090446,20.312556628657,78.5128112199127,103.83307793076438
Italy,IT,2000,32609.66746283,21.2257586739508,50.2747311455639,104.92954503494718
Italy,IT,2001,33243.599343976,21.191892455513,49.8632723203495,106.96937521560201
Italy,IT,2002,33267.4474482048,21.81208675062,47.8713186791542,107.04611229762
Italy,IT,2003,33110.1698494812,21.2842346571997,45.9940859777074,106.54003332895013
Italy,IT,2004,33348.9744820456,21.3598020854476,47.2663923891771,107.30844537963362
Italy,IT,2005,33407.6754716472,21.6734394073244,49.1221742288618,107.49733010650235
Italy,IT,2006,33873.0493680093,21.9242418666958,52.9235429597012,108.99478392973056
Italy,IT,2007,34159.9109244074,21.9944755997434,54.8280415572531,109.9178308340015
Italy,IT,2008,33550.6340800063,21.562045770846,54.214254895667104,107.95733423721137
Italy,IT,2009,31587.0638416305,20.3159597572588,45.1414765721604,101.63906889483138
Italy,IT,2010,31928.5543621096,20.2386645229593,51.6621118138339,102.73789779238034
Italy,IT,2011,32039.5032494316,19.9088467204091,54.4722149449288,103.09490285175731
Italy,IT,2012,30953.4147447427,18.4823918939236,54.8844952702204,99.60014864138111
Italy,IT,2013,30330.0221599668,17.3118980803026,54.0341846317499,97.59423121296041
Italy,IT,2014,30325.0287793923,16.8397294480548,54.4545299332032,97.5781637951474
Italy,IT,2015,30639.8829751432,17.0809179970368,55.4356858148221,98.59128383233096
Italy,IT,2016,31077.6792675211,17.2934651927051,54.4321467018313,100
Italy,IT,2017,31635.52277108,17.5794629155864,57.5829940274911,101.79499729937007
Italy,IT,2018,31963.6417148824,17.9722011780771,59.2749835128154,102.85079989317995
Italy,IT,2019,32180.4341017428,18.1291790303995,58.6941902594738,103.54838218365352
Italy,IT,2020,29469.7989238626,18.2018164062184,53.9394839042764,94.82625349911865
Italy,IT,2021,32267.7091050201,20.7705217357607,60.3019776202798,103.8292107568749
Italy,IT,2022,33891.8866526216,21.7757352760856,72.0165023032697,109.05539747957175
Italy,IT,2023,34221.7182928271,22.6536678849797,65.1028419441908,110.11671109107493
Italy,IT,2024,34508.1235191237,21.5129467738695,62.5926144915658,111.03828964213463
Italy,IT,2025,34716.1405786348,21.8347372224523,62.5232263591126,111.70763518019895
Japan,JP,2000,31779.3788459032,29.7197544032442,19.2751936529389,88.4370894390017
Japan,JP,2001,31793.1269485489,28.980356724435,19.2772303804527,88.47534827940224
Japan,JP,2002,31746.2430105713,27.5513213226074,20.1432481553025,88.34487754124582
Japan,JP,2003,32115.5810785373,26.8419714536719,21.0750119103347,89.37268818248963
Japan,JP,2004,32783.1292835489,26.3655086721928,23.4324185456932,91.23037144929351
Japan,JP,2005,33385.9179590327,26.8812203983288,25.9909279228382,92.90783897517154
Japan,JP,2006,33880.6890093456,27.0500919406696,29.714872929485,94.284710179625307
Japan,JP,2007,34426.6937124867,26.4579409373725,32.4957200262739,95.8041567049947
Japan,JP,2008,34008.5915147362,26.38694574012,33.7738026089171,94.64064304299401
Japan,JP,2009,31993.8588053706,24.6839915836557,24.1730393019729,89.03395394822532
Japan,JP,2010,33311.2872381879,23.5635108507554,28.2400150860666,92.70015323762921
Japan,JP,2011,33306.1802259719,24.26348220664,29.9713853558472,92.6859412135899
Japan,JP,2012,33909.4911855243,24.7607776450496,30.174299547803,94.36486217514116
Japan,JP,2013,34636.6924746166,25.5195914592327,33.5913694460807,96.38855073606165
Japan,JP,2014,34996.8796756631,26.4013974596737,36.7643250218282,97.39089593192564
Japan,JP,2015,35664.6446110613,26.3727057954144,34.7276305886293,99.24918232582894
Japan,JP,2016,35934.4467886662,26.1283959979179,30.6562793068554,100
Japan,JP,2017,36547.7357437305,26.4202937788324,33.6888336792782,101.70668817770066
Japan,JP,2018,36899.3847079435,26.7334207731306,35.8035749582494,102.68527278283199
Japan,JP,2019,36837.2583653113,27.1778545672026,34.3582972799989,102.51238479321698
Japan,JP,2020,35363.2996951789,27.1366986094286,30.5192226892273,98.41058609627062
Japan,JP,2021,36792.556429474,27.0778849895601,35.4253927340539,102.38798622907548
Japan,JP,2022,37448.3504824849,27.8346611372941,44.86063102004,104.21295951130709
Japan,JP,2023,37902.5492204411,27.8476964708059,43.5950833802735,105.47692425418288
Japan,JP,2024,37976.6371788298,27.8136184893082,44.8529388577573,105.68309956787121
Japan,JP,2025,38619.3367073485,NA,NA,107.47163281647936
United Kingdom,GB,2000,39297.1366317267,18.2268711999631,52.3380212335903,85.6357406096922
United Kingdom,GB,2001,40082.1359356822,18.1067705481417,52.6342367336438,87.34639951602199
United Kingdom,GB,2002,40594.932929345,18.1258715971091,51.2361820991323,88.46387916209075
United Kingdom,GB,2003,41706.8303930126,17.8654766487499,50.0681187039704,90.88690971710423
United Kingdom,GB,2004,42434.8209023638,17.7987601938902,50.2885521756133,92.47333589897482
United Kingdom,GB,2005,43320.5628684438,18.1300681489885,52.5442740383211,94.40353172889456
United Kingdom,GB,2006,43944.9985799069,18.3547575232734,56.7047791729812,95.76429282239141
United Kingdom,GB,2007,44882.141312304,18.8197810313528,52.7493524964733,97.8065004442318
United Kingdom,GB,2008,44508.2874631479,18.4126120244636,56.4365501052604,96.99180364959514
United Kingdom,GB,2009,42146.5095879962,16.988851517085,54.6537301085991,91.8450521346028
United Kingdom,GB,2010,42762.720840223,16.5928041098154,59.0511802227821,93.18789060782285
United Kingdom,GB,2011,42791.0934313474,16.1811317139187,63.3240615708901,93.24971973997371
United Kingdom,GB,2012,43136.7006795996,16.2721553248286,61.9688704472535,94.00286195848997
United Kingdom,GB,2013,43585.8731772281,16.5945808776841,61.7195395154583,94.98169204110894
United Kingdom,GB,2014,44628.5724578217,17.1780619988843,58.8210228333296,97.25392693607418
United Kingdom,GB,2015,45256.040227057,17.9499547721596,57.125044605439,98.62129544515263
United Kingdom,GB,2016,45888.7099614563,18.568952315869,59.8395315138259,100
United Kingdom,GB,2017,47019.4510419999,18.9676629369709,63.1899245764158,102.46409428701166
United Kingdom,GB,2018,47516.2099770322,18.6901207841924,64.9097721959201,103.5466240322356
United Kingdom,GB,2019,47866.9140354078,18.8313068890229,65.0035664177054,104.31087314420708
United Kingdom,GB,2020,42985.0392148248,18.2216480289167,59.1598893030611,93.67236353109423
United Kingdom,GB,2021,46491.5068836685,18.5366124585172,58.53838629291,101.31360616308133
United Kingdom,GB,2022,48410.095170282,19.0026614241506,69.1989264413981,105.49456546271078
United Kingdom,GB,2023,47911.1540134832,18.897529362349,64.9923841747803,104.40728025199584
United Kingdom,GB,2024,47900.9680144146,18.6685960371358,62.839052044584,104.38508307304448
United Kingdom,GB,2025,48422.0671236369,18.8835936906326,62.4573294634195,105.5206545669043
United States,US,2000,48616.2546282435,23.1462794870174,25.1029855568536,84.65181115654914
United States,US,2001,48597.4246124122,22.5385088106337,22.9671830154975,84.61902387261675
United States,US,2002,48967.3661217576,21.5399006030501,22.2863842136065,85.26317507322945
United States,US,2003,49905.5233080788,21.6226056064488,22.6272972866813,86.89671730265255
United States,US,2004,51348.3473386025,22.1277370028278,24.4480566571904,89.40899777958316
United States,US,2005,52649.5713060461,22.934640837162,25.6385573436769,91.67472076475978
United States,US,2006,53596.315236412,23.038173633353,26.9752858058903,93.32321444284713
United States,US,2007,54152.8292673551,22.3230143949646,28.0120155631098,94.29223027949686
United States,US,2008,53703.962897927,21.235472613082,29.8677875257061,93.5106531829083
United States,US,2009,51863.6183416558,18.8101353585392,24.759527635837,90.30620024773818
United States,US,2010,52812.6829869279,18.3139365475553,28.2198829408336,91.95873481135835
United States,US,2011,53215.5362314388,18.7369821481549,30.842478575914,92.66019272988602
United States,US,2012,54000.8410778217,19.5126052281381,30.681839575193,94.0275847279876
United States,US,2013,54728.860179812,19.7544258132209,29.9413062848227,95.2952293873983
United States,US,2014,55665.2411187802,20.4196434625853,29.906569337428,96.92567877150363
United States,US,2015,56849.4697923159,20.6492816432713,27.6882139340768,98.98768669056032
United States,US,2016,57430.8499298804,20.6802020301822,26.4525977865465,100
United States,US,2017,58435.9707535619,20.9891678107732,27.1253382222874,101.75014095195995
United States,US,2018,59817.6556798612,21.2959968660736,27.4453591302618,104.15596452585143
United States,US,2019,61047.9648238812,21.331113461469,26.2584806245428,106.29820888671695
United States,US,2020,59533.609024416,21.5802777048872,23.1399437509149,103.66137554485601
United States,US,2021,63096.7856149746,21.2931408187217,25.2327260228331,109.86566573890508
United States,US,2022,64322.2332819139,21.3312121991138,26.9078981557739,111.99944517702151
United States,US,2023,65667.281580468,21.3770252086573,24.9292981752847,114.34147615896993
United States,US,2024,66856.5131698371,21.3498335194267,25.0160172978284,116.41219527738986
United States,US,2025,67945.6146497427,NA,NA,118.30856540117409
