year,country,gdp_pc_idx,invest_gdp,trade_gdp
2000,G7 average (ex-UK),89.61586333810338,22.909252430250834,49.06665242250633
2000,United Kingdom,85.6357406096922,18.2268711999631,52.3380212335903
2001,G7 average (ex-UK),90.44478050111161,22.544362337653865,47.81740388915892
2001,United Kingdom,87.34639951602199,18.1067705481417,52.6342367336438
2002,G7 average (ex-UK),90.81487934485618,21.85020460308595,46.57882497593687
2002,United Kingdom,88.46387916209075,18.1258715971091,51.2361820991323
2003,G7 average (ex-UK),91.26535820107365,21.5873356108454,45.17496750857285
2003,United Kingdom,90.88690971710423,17.8654766487499,50.0681187039704
2004,G7 average (ex-UK),92.92989099808597,21.732728711088967,46.9992484681138
2004,United Kingdom,92.47333589897482,17.7987601938902,50.2885521756133
2005,G7 average (ex-UK),94.26946493679836,22.224371759961816,48.8810237121924
2005,United Kingdom,94.40353172889456,18.1300681489885,52.5442740383211
2006,G7 average (ex-UK),96.15310609954757,22.709574101322282,51.38216217238038
2006,United Kingdom,95.76429282239141,18.3547575232734,56.7047791729812
2007,G7 average (ex-UK),97.64131570720805,22.735884294593067,52.442599951252866
2007,United Kingdom,97.8065004442318,18.8197810313528,52.7493524964733
2008,G7 average (ex-UK),97.10946535498223,22.591579656612733,53.362041839527116
2008,United Kingdom,96.99180364959514,18.4126120244636,56.4365501052604
2009,G7 average (ex-UK),92.58574597282413,21.06745586030125,45.14776059524975
2009,United Kingdom,91.8450521346028,16.988851517085,54.6537301085991
2010,G7 average (ex-UK),94.81586434508598,21.04093221620692,49.80045081396676
2010,United Kingdom,93.18789060782285,16.5928041098154,59.0511802227821
2011,G7 average (ex-UK),96.49941496447657,21.354516366796418,52.8038564949712
2011,United Kingdom,93.24971973997371,16.1811317139187,63.3240615708901
2012,G7 average (ex-UK),96.5255405495245,21.478715462167585,53.22117163009323
2012,United Kingdom,94.00286195848997,16.2721553248286,61.9688704472535
2013,G7 average (ex-UK),97.005346883293,21.270002687635866,53.2006093335143
2013,United Kingdom,94.98169204110894,16.5945808776841,61.7195395154583
2014,G7 average (ex-UK),98.1108789067338,21.465172652520465,54.091940079541
2014,United Kingdom,97.25392693607418,17.1780619988843,58.8210228333296
2015,G7 average (ex-UK),99.15912761264322,21.376847358682852,54.21293911438187
2015,United Kingdom,98.62129544515263,17.9499547721596,57.125044605439
2016,G7 average (ex-UK),100,21.306587364004965,52.70889840534252
2016,United Kingdom,100,18.568952315869,59.8395315138259
2017,G7 average (ex-UK),101.87725484888472,21.539927770051065,54.391460391726184
2017,United Kingdom,102.46409428701166,18.9676629369709,63.1899245764158
2018,G7 average (ex-UK),103.19420645078493,21.89510037749003,55.841871783424764
2018,United Kingdom,103.5466240322356,18.6901207841924,64.9097721959201
2019,G7 average (ex-UK),104.1318211041375,22.131078150077748,55.16408564713653
2019,United Kingdom,104.31087314420708,18.8313068890229,65.0035664177054
2020,G7 average (ex-UK),98.42617575260837,22.313650847983766,50.08796035319612
2020,United Kingdom,93.67236353109423,18.2216480289167,59.1598893030611
2021,G7 average (ex-UK),104.18369132936589,22.93260224614495,54.48582918867645
2021,United Kingdom,101.31360616308133,18.5366124585172,58.53838629291
2022,G7 average (ex-UK),106.88454030735986,23.185188606437766,62.58115925992307
2022,United Kingdom,105.49456546271078,19.0026614241506,69.1989264413981
2023,G7 average (ex-UK),107.54209224056919,23.157489837384333,58.7984099068397
2023,United Kingdom,104.40728025199584,18.897529362349,64.9923841747803
2024,G7 average (ex-UK),107.93958239179905,22.690620403624848,57.46366458524282
2024,United Kingdom,104.38508307304448,18.6685960371358,62.839052044584
2025,G7 average (ex-UK),108.95471725660809,21.767232318455527,67.93472995803323
2025,United Kingdom,105.5206545669043,18.8835936906326,62.4573294634195
