measure,year,uk,peer,gap
gdp_pc_idx,2000,85.6357406096922,89.61586333810338,-3.9801227284111746
invest_chg,2000,-0.34208111590590207,1.602665066245867,-1.944746182151769
trade_chg,2000,-7.5015102802356,-3.6422459828361853,-3.8592642973994145
gdp_pc_idx,2001,87.34639951602199,90.44478050111161,-3.0983809850896193
invest_chg,2001,-0.46218176772730146,1.2377749736489005,-1.699956741376202
trade_chg,2001,-7.2052947801820935,-4.891494516183598,-2.3138002639984956
gdp_pc_idx,2002,88.46387916209075,90.81487934485618,-2.351000182765432
invest_chg,2002,-0.4430807187599015,0.5436172390809837,-0.9866979578408852
trade_chg,2002,-8.603349414693596,-6.130073429405649,-2.4732759852879473
gdp_pc_idx,2003,90.88690971710425,91.26535820107364,-0.3784484839693931
invest_chg,2003,-0.7034756671191005,0.2807482468404334,-0.9842239139595339
trade_chg,2003,-9.771412809855498,-7.533930896769666,-2.2374819130858317
gdp_pc_idx,2004,92.47333589897482,92.92989099808595,-0.456555099111128
invest_chg,2004,-0.7701921219788019,0.4261413470840007,-1.1963334690628027
trade_chg,2004,-9.5509793382126,-5.709649937228717,-3.8413294009838825
gdp_pc_idx,2005,94.40353172889456,94.26946493679837,0.134066792096192
invest_chg,2005,-0.43888416688050214,0.9177843959568499,-1.356668562837352
trade_chg,2005,-7.295257475504798,-3.8278746931501173,-3.4673827823546803
gdp_pc_idx,2006,95.7642928223914,96.15310609954757,-0.3888132771561743
invest_chg,2006,-0.21419479259560248,1.4029867373173175,-1.61718152991292
trade_chg,2006,-3.134752340844699,-1.326736232962134,-1.808016107882565
gdp_pc_idx,2007,97.8065004442318,97.64131570720807,0.16518473702373626
invest_chg,2007,0.2508287154837987,1.4292969305880998,-1.178468215104301
trade_chg,2007,-7.090179017352597,-0.2662984540896489,-6.823880563262948
gdp_pc_idx,2008,96.99180364959514,97.10946535498223,-0.11766170538709275
invest_chg,2008,-0.15634029140540306,1.2849922926077677,-1.4413325840131708
trade_chg,2008,-3.402981408565495,0.6531434341846006,-4.056124842750095
gdp_pc_idx,2009,91.8450521346028,92.58574597282413,-0.7406938382213326
invest_chg,2009,-1.5801007987840023,-0.2391315037037168,-1.3409692950802856
trade_chg,2009,-5.1858014052267976,-7.561137810092766,2.375336404865968
gdp_pc_idx,2010,93.18789060782284,94.81586434508598,-1.6279737372631473
invest_chg,2010,-1.976148206053601,-0.2656551477980494,-1.7104930582555518
trade_chg,2010,-0.7883512910437958,-2.908447591375751,2.120096300331955
gdp_pc_idx,2011,93.24971973997371,96.49941496447657,-3.249695224502858
invest_chg,2011,-2.3878206019503025,0.047929002791450515,-2.435749604741753
trade_chg,2011,3.4845300570642053,0.09495808962868264,3.3895719674355225
gdp_pc_idx,2012,94.00286195848996,96.5255405495245,-2.522678591034534
invest_chg,2012,-2.2967969910404022,0.17212809816261704,-2.4689250892030192
trade_chg,2012,2.1293389334276043,0.5122732247507169,1.6170657086768874
gdp_pc_idx,2013,94.98169204110894,97.005346883293,-2.023654842184058
invest_chg,2013,-1.9743714381849031,-0.0365846763690989,-1.9377867618158042
trade_chg,2013,1.8800080016324046,0.491710928171783,1.3882970734606215
gdp_pc_idx,2014,97.25392693607418,98.1108789067338,-0.8569519706596225
invest_chg,2014,-1.3908903169847022,0.1585852885154999,-1.5494756055002021
trade_chg,2014,-1.0185086804962964,1.3830416741984837,-2.40155035469478
gdp_pc_idx,2015,98.62129544515264,99.15912761264323,-0.5378321674905919
invest_chg,2015,-0.6189975437094013,0.0702599946778838,-0.6892575383872851
trade_chg,2015,-2.7144869083868954,1.5040407090393515,-4.218527617426247
gdp_pc_idx,2016,100,100,0
invest_chg,2016,0,0,0
trade_chg,2016,0,0,0
gdp_pc_idx,2017,102.46409428701166,101.87725484888472,0.586839438126944
invest_chg,2017,0.39871062110189825,0.23334040604610057,0.1653702150557977
trade_chg,2017,3.3503930625899017,1.6825619863836672,1.6678310762062345
gdp_pc_idx,2018,103.5466240322356,103.19420645078493,0.35241758145066626
invest_chg,2018,0.1211684683233969,0.5885130134850668,-0.4673445451616699
trade_chg,2018,5.070240682094202,3.132973378082248,1.9372673040119537
gdp_pc_idx,2019,104.31087314420708,104.1318211041375,0.1790520400695783
invest_chg,2019,0.26235457315389965,0.8244907860727828,-0.5621362129188832
trade_chg,2019,5.164034903879504,2.455187241794018,2.7088476620854856
gdp_pc_idx,2020,93.67236353109423,98.42617575260837,-4.7538122215141385
invest_chg,2020,-0.3473042869523013,1.0070634839788006,-1.354367770931102
trade_chg,2020,-0.679642210764797,-2.6209380521464003,1.9412958413816033
gdp_pc_idx,2021,101.31360616308132,104.18369132936589,-2.870085166284568
invest_chg,2021,-0.03233985735180056,1.6260148821399838,-1.6583547394917844
trade_chg,2021,-1.301145220915899,1.7769307833339325,-3.0780760042498314
gdp_pc_idx,2022,105.49456546271078,106.88454030735986,-1.3899748446490747
invest_chg,2022,0.43370910828159737,1.8786012424328007,-1.4448921341512033
trade_chg,2022,9.359394927572204,9.872260854580551,-0.5128659270083471
gdp_pc_idx,2023,104.40728025199584,107.54209224056919,-3.1348119885733468
invest_chg,2023,0.3285770464799995,1.8509024733793673,-1.5223254268993678
trade_chg,2023,5.152852660954402,6.089511501497184,-0.9366588405427825
gdp_pc_idx,2024,104.38508307304448,107.93958239179905,-3.5544993187545657
invest_chg,2024,0.09964372126679777,1.3840330396198837,-1.284389318353086
trade_chg,2024,2.9995205307581045,4.7547661799003,-1.7552456491421955
gdp_pc_idx,2025,105.5206545669043,108.95471725660809,-3.4340626897037936
