country,iso2c,iso3c,year,gdp_pc,invest_gdp,trade_gdp
Canada,CA,CAN,2000,37906.89821012,19.5993356617119,82.7653578503214
Canada,CA,CAN,2001,38200.4945025395,20.1517646904638,78.3442183943698
Canada,CA,CAN,2002,38921.7064054514,19.9748845804896,75.7069052324349
Canada,CA,CAN,2003,39270.0629084669,20.012369056955,69.8399832953973
Canada,CA,CAN,2004,40108.7990262916,20.8745812199367,70.1923674409029
Canada,CA,CAN,2005,41006.264144024,21.8372450469019,69.7585441602155
Canada,CA,CAN,2006,41663.5541588166,22.8847443946428,68.0508003453151
Canada,CA,CAN,2007,42106.9147186165,23.3389957278501,66.2834197482347
Canada,CA,CAN,2008,42067.610977795,23.468960389706,67.023446571123
Canada,CA,CAN,2009,40376.4559330928,22.3069271582099,58.4742801830543
Canada,CA,CAN,2010,41164.3812486578,23.4611524730321,60.2079046752442
Canada,CA,CAN,2011,42043.6842044008,23.510376129041,62.4984217100546
Canada,CA,CAN,2012,42320.6856530018,24.4942803133541,62.5957887432013
Canada,CA,CAN,2013,42851.2135876232,24.1873900963866,62.2315329073432
Canada,CA,CAN,2014,43643.2794910996,24.3893049222041,64.3785976132125
Canada,CA,CAN,2015,43594.2379080706,23.8505579659614,66.1648355844224
Canada,CA,CAN,2016,43551.3863558236,22.7723539706794,65.3636199818813
Canada,CA,CAN,2017,44339.433221787804,22.6962795343088,65.1009087910845
Canada,CA,CAN,2018,44907.3887994469,22.6760699457971,66.59982627163
Canada,CA,CAN,2019,45100.336805859,22.5799284914038,66.1713422730605
Canada,CA,CAN,2020,42366.1710935265,23.1842052051561,61.1566883386797
Canada,CA,CAN,2021,44639.2381171993,23.7893330462459,62.2468612630348
Canada,CA,CAN,2022,45883.0058941892,23.0827054280969,66.9531620692051
Canada,CA,CAN,2023,45495.5100892605,23.0403942262261,66.5745425015033
Canada,CA,CAN,2024,45061.3864587285,22.9101597496711,65.1214987304374
Canada,CA,CAN,2025,45418.1292662699,22.9023282199746,63.5105049692227
France,FR,FRA,2000,33255.1379642335,20.8814379037151,57.7860470318197
France,FR,FRA,2001,33640.6738002565,20.8602882389306,56.8932328560722
France,FR,FRA,2002,33753.5782979758,20.3363313536887,55.1325248503102
France,FR,FRA,2003,33840.6175720101,20.4989506339345,52.5988822870657
France,FR,FRA,2004,34557.1471111581,20.8372793779546,53.7497648292028
France,FR,FRA,2005,34946.0372494703,21.2552645424979,55.8228361241299
France,FR,FRA,2006,35645.4162427116,21.8977868505057,57.8692775292673
France,FR,FRA,2007,36322.1685141004,22.5857089020594,58.1525611309659
France,FR,FRA,2008,36257.3658930938,22.9330135074895,59.1797928411748
France,FR,FRA,2009,35052.8510772683,21.4495235712121,52.1991123027613
France,FR,FRA,2010,35578.1968010183,21.4821676799635,56.587555247796
France,FR,FRA,2011,36269.9561530888,21.6992927837053,60.6056354816406
France,FR,FRA,2012,36161.2918253465,21.6559249264002,61.6589570771102
France,FR,FRA,2013,36256.086680981,21.2695637926893,61.8192338733962
France,FR,FRA,2014,36444.3949089146,20.9583861621479,62.1992669379507
France,FR,FRA,2015,36702.4323733379,20.5598696757557,63.5046871956484
France,FR,FRA,2016,36920.5342846914,20.9212601092418,63.3427564383351
France,FR,FRA,2017,37580.5979329356,21.4204336075644,65.3958481559711
France,FR,FRA,2018,38062.4435961412,21.8753900672966,66.8022607812266
France,FR,FRA,2019,38705.2072940618,22.4160955392444,66.4289607281749
France,FR,FRA,2020,35709.2045925926,22.4362308511816,58.8388907240647
France,FR,FRA,2021,38030.8571685178,23.4832287343303,63.788482630872
France,FR,FRA,2022,38868.3303330557,23.4857708214613,75.9630077981996
France,FR,FRA,2023,39319.4152227295,22.8344674932245,70.6261450610225
France,FR,FRA,2024,39683.3953489029,22.096846539157,68.1081875443744
France,FR,FRA,2025,39918.8850568745,22.0193072027382,67.1923772838849
Germany,DE,DEU,2000,35104.1308467844,22.8829484518656,59.1955992975405
Germany,DE,DEU,2001,35618.5143698493,21.5433631059471,59.5592863682118
Germany,DE,DEU,2002,35477.5151544301,19.8867030080599,58.3325687248129
Germany,DE,DEU,2003,35270.0227284267,19.2638822568625,58.9145442942507
Germany,DE,DEU,2004,35687.6378708542,18.8314639081743,62.9064909465164
Germany,DE,DEU,2005,36024.094704702104,18.7644203275559,66.9531024934321
Germany,DE,DEU,2006,37459.261328042,19.4624059220668,72.7591934646234
Germany,DE,DEU,2007,38593.0749910508,19.7151702055684,74.8838416816798
Germany,DE,DEU,2008,39009.8477636357,19.9630399184329,76.1131665945746
Germany,DE,DEU,2009,36940.4078672661,18.8381977329318,66.1391275757126
Germany,DE,DEU,2010,38526.7371042695,19.1861612229759,73.8852351200263
Germany,DE,DEU,2011,40722.4849268242,20.0081182128282,78.433002901442
Germany,DE,DEU,2012,40834.5088218456,19.9663127661399,79.3316495670315
Germany,DE,DEU,2013,40884.8926759028,19.5771468839831,77.5860288576931
Germany,DE,DEU,2014,41602.4661281668,19.782574460457,76.8483516336234
Germany,DE,DEU,2015,41929.7549110722,19.7477510746575,77.7565815686922
Germany,DE,DEU,2016,42516.9337063103,20.0438468833034,76.0059902166055
Germany,DE,DEU,2017,43543.4807050551,20.1339289732412,77.4548394742448
Germany,DE,DEU,2018,43905.8550061973,20.8175234345652,79.1252260463654
Germany,DE,DEU,2019,44235.2658954682,21.1522978107472,79.0732427175683
Germany,DE,DEU,2020,42372.8726784255,21.3426763110307,72.9335327120137
Germany,DE,DEU,2021,44011.0194631674,21.181504152251,79.9195348609851
Germany,DE,DEU,2022,44817.1316331389,21.6010467765749,88.7857542130501
Germany,DE,DEU,2023,44368.9920074881,21.1916877404125,81.9625483787634
Germany,DE,DEU,2024,44027.7631554469,20.4603173503166,79.0907305894936
Germany,DE,DEU,2025,44146.6409090446,20.312556628657,78.5128112199127
Italy,IT,ITA,2000,32609.66746283,21.2257586739508,50.2747311455639
Italy,IT,ITA,2001,33243.599343976,21.191892455513,49.8632723203495
Italy,IT,ITA,2002,33267.4474482048,21.81208675062,47.8713186791542
Italy,IT,ITA,2003,33110.1698494812,21.2842346571997,45.9940859777074
Italy,IT,ITA,2004,33348.9744820456,21.3598020854476,47.2663923891771
Italy,IT,ITA,2005,33407.6754716472,21.6734394073244,49.1221742288618
Italy,IT,ITA,2006,33873.0493680093,21.9242418666958,52.9235429597012
Italy,IT,ITA,2007,34159.9109244074,21.9944755997434,54.8280415572531
Italy,IT,ITA,2008,33550.6340800063,21.562045770846,54.214254895667104
Italy,IT,ITA,2009,31587.0638416305,20.3159597572588,45.1414765721604
Italy,IT,ITA,2010,31928.5543621096,20.2386645229593,51.6621118138339
Italy,IT,ITA,2011,32039.5032494316,19.9088467204091,54.4722149449288
Italy,IT,ITA,2012,30953.4147447427,18.4823918939236,54.8844952702204
Italy,IT,ITA,2013,30330.0221599668,17.3118980803026,54.0341846317499
Italy,IT,ITA,2014,30325.0287793923,16.8397294480548,54.4545299332032
Italy,IT,ITA,2015,30639.8829751432,17.0809179970368,55.4356858148221
Italy,IT,ITA,2016,31077.6792675211,17.2934651927051,54.4321467018313
Italy,IT,ITA,2017,31635.52277108,17.5794629155864,57.5829940274911
Italy,IT,ITA,2018,31963.6417148824,17.9722011780771,59.2749835128154
Italy,IT,ITA,2019,32180.4341017428,18.1291790303995,58.6941902594738
Italy,IT,ITA,2020,29469.7989238626,18.2018164062184,53.9394839042764
Italy,IT,ITA,2021,32267.7091050201,20.7705217357607,60.3019776202798
Italy,IT,ITA,2022,33891.8866526216,21.7757352760856,72.0165023032697
Italy,IT,ITA,2023,34221.7182928271,22.6536678849797,65.1028419441908
Italy,IT,ITA,2024,34508.1235191237,21.5129467738695,62.5926144915658
Italy,IT,ITA,2025,34716.1405786348,21.8347372224523,62.5232263591126
Japan,JP,JPN,2000,31779.3788459032,29.7197544032442,19.2751936529389
Japan,JP,JPN,2001,31793.1269485489,28.980356724435,19.2772303804527
Japan,JP,JPN,2002,31746.2430105713,27.5513213226074,20.1432481553025
Japan,JP,JPN,2003,32115.5810785373,26.8419714536719,21.0750119103347
Japan,JP,JPN,2004,32783.1292835489,26.3655086721928,23.4324185456932
Japan,JP,JPN,2005,33385.9179590327,26.8812203983288,25.9909279228382
Japan,JP,JPN,2006,33880.6890093456,27.0500919406696,29.714872929485
Japan,JP,JPN,2007,34426.6937124867,26.4579409373725,32.4957200262739
Japan,JP,JPN,2008,34008.5915147362,26.38694574012,33.7738026089171
Japan,JP,JPN,2009,31993.8588053706,24.6839915836557,24.1730393019729
Japan,JP,JPN,2010,33311.2872381879,23.5635108507554,28.2400150860666
Japan,JP,JPN,2011,33306.1802259719,24.26348220664,29.9713853558472
Japan,JP,JPN,2012,33909.4911855243,24.7607776450496,30.174299547803
Japan,JP,JPN,2013,34636.6924746166,25.5195914592327,33.5913694460807
Japan,JP,JPN,2014,34996.8796756631,26.4013974596737,36.7643250218282
Japan,JP,JPN,2015,35664.6446110613,26.3727057954144,34.7276305886293
Japan,JP,JPN,2016,35934.4467886662,26.1283959979179,30.6562793068554
Japan,JP,JPN,2017,36547.7357437305,26.4202937788324,33.6888336792782
Japan,JP,JPN,2018,36899.3847079435,26.7334207731306,35.8035749582494
Japan,JP,JPN,2019,36837.2583653113,27.1778545672026,34.3582972799989
Japan,JP,JPN,2020,35363.2996951789,27.1366986094286,30.5192226892273
Japan,JP,JPN,2021,36792.556429474,27.0778849895601,35.4253927340539
Japan,JP,JPN,2022,37448.3504824849,27.8346611372941,44.86063102004
Japan,JP,JPN,2023,37902.5492204411,27.8476964708059,43.5950833802735
Japan,JP,JPN,2024,37976.6371788298,27.8136184893082,44.8529388577573
Japan,JP,JPN,2025,38619.3367073485,NA,NA
United Kingdom,GB,GBR,2000,39297.1366317267,18.2268711999631,52.3380212335903
United Kingdom,GB,GBR,2001,40082.1359356822,18.1067705481417,52.6342367336438
United Kingdom,GB,GBR,2002,40594.932929345,18.1258715971091,51.2361820991323
United Kingdom,GB,GBR,2003,41706.8303930126,17.8654766487499,50.0681187039704
United Kingdom,GB,GBR,2004,42434.8209023638,17.7987601938902,50.2885521756133
United Kingdom,GB,GBR,2005,43320.5628684438,18.1300681489885,52.5442740383211
United Kingdom,GB,GBR,2006,43944.9985799069,18.3547575232734,56.7047791729812
United Kingdom,GB,GBR,2007,44882.141312304,18.8197810313528,52.7493524964733
United Kingdom,GB,GBR,2008,44508.2874631479,18.4126120244636,56.4365501052604
United Kingdom,GB,GBR,2009,42146.5095879962,16.988851517085,54.6537301085991
United Kingdom,GB,GBR,2010,42762.720840223,16.5928041098154,59.0511802227821
United Kingdom,GB,GBR,2011,42791.0934313474,16.1811317139187,63.3240615708901
United Kingdom,GB,GBR,2012,43136.7006795996,16.2721553248286,61.9688704472535
United Kingdom,GB,GBR,2013,43585.8731772281,16.5945808776841,61.7195395154583
United Kingdom,GB,GBR,2014,44628.5724578217,17.1780619988843,58.8210228333296
United Kingdom,GB,GBR,2015,45256.040227057,17.9499547721596,57.125044605439
United Kingdom,GB,GBR,2016,45888.7099614563,18.568952315869,59.8395315138259
United Kingdom,GB,GBR,2017,47019.4510419999,18.9676629369709,63.1899245764158
United Kingdom,GB,GBR,2018,47516.2099770322,18.6901207841924,64.9097721959201
United Kingdom,GB,GBR,2019,47866.9140354078,18.8313068890229,65.0035664177054
United Kingdom,GB,GBR,2020,42985.0392148248,18.2216480289167,59.1598893030611
United Kingdom,GB,GBR,2021,46491.5068836685,18.5366124585172,58.53838629291
United Kingdom,GB,GBR,2022,48410.095170282,19.0026614241506,69.1989264413981
United Kingdom,GB,GBR,2023,47911.1540134832,18.897529362349,64.9923841747803
United Kingdom,GB,GBR,2024,47900.9680144146,18.6685960371358,62.839052044584
United Kingdom,GB,GBR,2025,48422.0671236369,18.8835936906326,62.4573294634195
United States,US,USA,2000,48616.2546282435,23.1462794870174,25.1029855568536
United States,US,USA,2001,48597.4246124122,22.5385088106337,22.9671830154975
United States,US,USA,2002,48967.3661217576,21.5399006030501,22.2863842136065
United States,US,USA,2003,49905.5233080788,21.6226056064488,22.6272972866813
United States,US,USA,2004,51348.3473386025,22.1277370028278,24.4480566571904
United States,US,USA,2005,52649.5713060461,22.934640837162,25.6385573436769
United States,US,USA,2006,53596.315236412,23.038173633353,26.9752858058903
United States,US,USA,2007,54152.8292673551,22.3230143949646,28.0120155631098
United States,US,USA,2008,53703.962897927,21.235472613082,29.8677875257061
United States,US,USA,2009,51863.6183416558,18.8101353585392,24.759527635837
United States,US,USA,2010,52812.6829869279,18.3139365475553,28.2198829408336
United States,US,USA,2011,53215.5362314388,18.7369821481549,30.842478575914
United States,US,USA,2012,54000.8410778217,19.5126052281381,30.681839575193
United States,US,USA,2013,54728.860179812,19.7544258132209,29.9413062848227
United States,US,USA,2014,55665.2411187802,20.4196434625853,29.906569337428
United States,US,USA,2015,56849.4697923159,20.6492816432713,27.6882139340768
United States,US,USA,2016,57430.8499298804,20.6802020301822,26.4525977865465
United States,US,USA,2017,58435.9707535619,20.9891678107732,27.1253382222874
United States,US,USA,2018,59817.6556798612,21.2959968660736,27.4453591302618
United States,US,USA,2019,61047.9648238812,21.331113461469,26.2584806245428
United States,US,USA,2020,59533.609024416,21.5802777048872,23.1399437509149
United States,US,USA,2021,63096.7856149746,21.2931408187217,25.2327260228331
United States,US,USA,2022,64322.2332819139,21.3312121991138,26.9078981557739
United States,US,USA,2023,65667.281580468,21.3770252086573,24.9292981752847
United States,US,USA,2024,66856.5131698371,21.3498335194267,25.0160172978284
United States,US,USA,2025,67945.6146497427,NA,NA
